Family,Gene_ID
ACINU,gene-SBOV1_LOCUS6151
ACINU,gene-SBOV1_LOCUS9112
ACTB,gene-SBOV1_LOCUS6895
ACTL6A,gene-SBOV1_LOCUS6895
ACTL6B,gene-SBOV1_LOCUS6895
ACTR3B,gene-SBOV1_LOCUS6895
ACTR5,gene-SBOV1_LOCUS6895
ACTR6,gene-SBOV1_LOCUS6895
ACTR8,gene-SBOV1_LOCUS6895
ADNP,gene-SBOV1_LOCUS9324
AEBP2,gene-SBOV1_LOCUS9059
ALKBH1,gene-SBOV1_LOCUS7086
ALKBH1,gene-SBOV1_LOCUS7086
ALKBH4,gene-SBOV1_LOCUS7086
ALKBH5,gene-SBOV1_LOCUS7086
ANKRD32,gene-SBOV1_LOCUS9420
ANP32A,gene-SBOV1_LOCUS9349
ANP32B,gene-SBOV1_LOCUS9349
ANP32E,gene-SBOV1_LOCUS9349
ANP32E,gene-SBOV1_LOCUS9349
APBB1,gene-SBOV1_LOCUS9279
APBB1,gene-SBOV1_LOCUS9358
APEX1,gene-SBOV1_LOCUS9278
ARID1A,gene-SBOV1_LOCUS9118
ARID1A,gene-SBOV1_LOCUS6579
ARID1B,gene-SBOV1_LOCUS9118
ARID1B,gene-SBOV1_LOCUS6579
ARID2,gene-SBOV1_LOCUS9118
ARID2,gene-SBOV1_LOCUS8551
ARID4A,gene-SBOV1_LOCUS9118
ARID4A,gene-SBOV1_LOCUS9118
ARID4A,gene-SBOV1_LOCUS9118
ARID4B,gene-SBOV1_LOCUS9118
ARID4B,gene-SBOV1_LOCUS9118
ARID4B,gene-SBOV1_LOCUS9118
ARNTL,gene-SBOV1_LOCUS9359
ARNTL,gene-SBOV1_LOCUS9405
ARNTL,gene-SBOV1_LOCUS8857
ARRB1,gene-SBOV1_LOCUS7470
ARRB1,gene-SBOV1_LOCUS7633
ASF1A,gene-SBOV1_LOCUS7937
ASF1B,gene-SBOV1_LOCUS7937
ASH1L,gene-SBOV1_LOCUS7176
ASH1L,gene-SBOV1_LOCUS8013
ASH1L,gene-SBOV1_LOCUS9335
ASH1L,gene-SBOV1_LOCUS9446
ASH2L,gene-SBOV1_LOCUS9159
ATAD2,gene-SBOV1_LOCUS9330
ATAD2,gene-SBOV1_LOCUS8013
ATAD2B,gene-SBOV1_LOCUS9330
ATAD2B,gene-SBOV1_LOCUS8013
ATF2,gene-SBOV1_LOCUS9108
ATN1,gene-SBOV1_LOCUS8072
ATR,gene-SBOV1_LOCUS8938
ATR,gene-SBOV1_LOCUS8938
ATR,gene-SBOV1_LOCUS8938
ATR,gene-SBOV1_LOCUS8938
ATRX,gene-SBOV1_LOCUS9159
ATRX,gene-SBOV1_LOCUS9010
ATXN7,gene-SBOV1_LOCUS2841
ATXN7L3,gene-SBOV1_LOCUS2841
ATXN7L3,gene-SBOV1_LOCUS8879
AURKA,gene-SBOV1_LOCUS9408
AURKB,gene-SBOV1_LOCUS9408
AURKC,gene-SBOV1_LOCUS9408
BAHD1,gene-SBOV1_LOCUS7176
BANP,gene-SBOV1_LOCUS682
BAP1,gene-SBOV1_LOCUS4028
BARD1,gene-SBOV1_LOCUS9420
BARD1,gene-SBOV1_LOCUS7753
BARD1,gene-SBOV1_LOCUS4993
BAZ1A,gene-SBOV1_LOCUS8013
BAZ1A,gene-SBOV1_LOCUS6059
BAZ1A,gene-SBOV1_LOCUS9335
BAZ1A,gene-SBOV1_LOCUS4376
BAZ1A,gene-SBOV1_LOCUS1888
BAZ2B,gene-SBOV1_LOCUS8013
BAZ2B,gene-SBOV1_LOCUS6059
BAZ2B,gene-SBOV1_LOCUS5213
BAZ2B,gene-SBOV1_LOCUS9335
BCOR,gene-SBOV1_LOCUS9420
BCORL1,gene-SBOV1_LOCUS9420
BMI1,gene-SBOV1_LOCUS9154
BPTF,gene-SBOV1_LOCUS8013
BPTF,gene-SBOV1_LOCUS6059
BPTF,gene-SBOV1_LOCUS9335
BPTF,gene-SBOV1_LOCUS1888
BRCC3,gene-SBOV1_LOCUS8685
BRD1,gene-SBOV1_LOCUS8013
BRD1,gene-SBOV1_LOCUS3740
BRD1,gene-SBOV1_LOCUS8663
BRD1,gene-SBOV1_LOCUS7143
BRD1,gene-SBOV1_LOCUS8663
BRD2,gene-SBOV1_LOCUS8013
BRD3,gene-SBOV1_LOCUS8013
BRD4,gene-SBOV1_LOCUS8013
BRD7,gene-SBOV1_LOCUS8013
BRD7,gene-SBOV1_LOCUS2118
BRD8,gene-SBOV1_LOCUS8013
BRD9,gene-SBOV1_LOCUS8013
BRD9,gene-SBOV1_LOCUS2118
BRDT,gene-SBOV1_LOCUS8013
BRMS1,gene-SBOV1_LOCUS3521
BRMS1L,gene-SBOV1_LOCUS3521
BRPF1,gene-SBOV1_LOCUS8013
BRPF1,gene-SBOV1_LOCUS3740
BRPF1,gene-SBOV1_LOCUS8663
BRPF1,gene-SBOV1_LOCUS7143
BRPF1,gene-SBOV1_LOCUS8663
BRPF3,gene-SBOV1_LOCUS8013
BRPF3,gene-SBOV1_LOCUS3740
BRPF3,gene-SBOV1_LOCUS8663
BRPF3,gene-SBOV1_LOCUS7143
BRPF3,gene-SBOV1_LOCUS8663
BRWD1,gene-SBOV1_LOCUS8013
BRWD1,gene-SBOV1_LOCUS9373
BRWD3,gene-SBOV1_LOCUS8013
BRWD3,gene-SBOV1_LOCUS9373
BUB1,gene-SBOV1_LOCUS34
BUB1,gene-SBOV1_LOCUS9408
C11orf30,gene-SBOV1_LOCUS2782
C14orf169,gene-SBOV1_LOCUS9385
CBLL1,gene-SBOV1_LOCUS4521
CBX1,gene-SBOV1_LOCUS9010
CBX1,gene-SBOV1_LOCUS3844
CBX2,gene-SBOV1_LOCUS9010
CBX3,gene-SBOV1_LOCUS9010
CBX3,gene-SBOV1_LOCUS3844
CBX4,gene-SBOV1_LOCUS9010
CBX5,gene-SBOV1_LOCUS9010
CBX5,gene-SBOV1_LOCUS3844
CBX6,gene-SBOV1_LOCUS9010
CBX7,gene-SBOV1_LOCUS9010
CBX8,gene-SBOV1_LOCUS9010
CCDC101,gene-SBOV1_LOCUS2548
CDC6,gene-SBOV1_LOCUS9330
CDC6,gene-SBOV1_LOCUS8947
CDC73,gene-SBOV1_LOCUS1957
CDK1,gene-SBOV1_LOCUS9408
CDK17,gene-SBOV1_LOCUS9408
CDK2,gene-SBOV1_LOCUS9408
CDK3,gene-SBOV1_LOCUS9408
CDK5,gene-SBOV1_LOCUS9408
CDK7,gene-SBOV1_LOCUS9408
CDK9,gene-SBOV1_LOCUS9408
CDY1,gene-SBOV1_LOCUS9010
CDY1,gene-SBOV1_LOCUS8346
CDY1B,gene-SBOV1_LOCUS9010
CDY1B,gene-SBOV1_LOCUS8346
CDY2A,gene-SBOV1_LOCUS9010
CDY2A,gene-SBOV1_LOCUS8346
CDY2B,gene-SBOV1_LOCUS9010
CDY2B,gene-SBOV1_LOCUS8346
CDYL,gene-SBOV1_LOCUS9010
CDYL,gene-SBOV1_LOCUS8346
CDYL2,gene-SBOV1_LOCUS9010
CDYL2,gene-SBOV1_LOCUS8346
CECR2,gene-SBOV1_LOCUS8013
CELF1,gene-SBOV1_LOCUS9447
CELF2,gene-SBOV1_LOCUS9447
CELF3,gene-SBOV1_LOCUS9447
CELF4,gene-SBOV1_LOCUS9447
CELF5,gene-SBOV1_LOCUS9447
CELF6,gene-SBOV1_LOCUS9447
CHD1,gene-SBOV1_LOCUS9010
CHD1,gene-SBOV1_LOCUS5455
CHD1,gene-SBOV1_LOCUS9159
CHD1,gene-SBOV1_LOCUS9010
CHD1L,gene-SBOV1_LOCUS9159
CHD1L,gene-SBOV1_LOCUS9010
CHD2,gene-SBOV1_LOCUS9010
CHD2,gene-SBOV1_LOCUS5455
CHD2,gene-SBOV1_LOCUS9159
CHD2,gene-SBOV1_LOCUS9010
CHD3,gene-SBOV1_LOCUS8101
CHD3,gene-SBOV1_LOCUS717
CHD3,gene-SBOV1_LOCUS9010
CHD3,gene-SBOV1_LOCUS8101
CHD3,gene-SBOV1_LOCUS717
CHD3,gene-SBOV1_LOCUS9159
CHD3,gene-SBOV1_LOCUS9335
CHD3,gene-SBOV1_LOCUS9010
CHD4,gene-SBOV1_LOCUS8101
CHD4,gene-SBOV1_LOCUS717
CHD4,gene-SBOV1_LOCUS9010
CHD4,gene-SBOV1_LOCUS8101
CHD4,gene-SBOV1_LOCUS717
CHD4,gene-SBOV1_LOCUS9159
CHD4,gene-SBOV1_LOCUS9335
CHD4,gene-SBOV1_LOCUS9010
CHD5,gene-SBOV1_LOCUS8101
CHD5,gene-SBOV1_LOCUS717
CHD5,gene-SBOV1_LOCUS9010
CHD5,gene-SBOV1_LOCUS8101
CHD5,gene-SBOV1_LOCUS717
CHD5,gene-SBOV1_LOCUS9159
CHD5,gene-SBOV1_LOCUS9335
CHD5,gene-SBOV1_LOCUS9010
CHD6,gene-SBOV1_LOCUS9447
CHD6,gene-SBOV1_LOCUS9010
CHD6,gene-SBOV1_LOCUS9159
CHD6,gene-SBOV1_LOCUS9010
CHD7,gene-SBOV1_LOCUS9447
CHD7,gene-SBOV1_LOCUS9010
CHD7,gene-SBOV1_LOCUS9159
CHD7,gene-SBOV1_LOCUS9010
CHD8,gene-SBOV1_LOCUS9447
CHD8,gene-SBOV1_LOCUS9010
CHD8,gene-SBOV1_LOCUS9159
CHD8,gene-SBOV1_LOCUS9010
CHD9,gene-SBOV1_LOCUS9447
CHD9,gene-SBOV1_LOCUS9010
CHD9,gene-SBOV1_LOCUS9159
CHD9,gene-SBOV1_LOCUS9010
CHEK1,gene-SBOV1_LOCUS9408
CHRAC1,gene-SBOV1_LOCUS9271
CIR1,gene-SBOV1_LOCUS7854
CIT,gene-SBOV1_LOCUS4048
CIT,gene-SBOV1_LOCUS9408
CIT,gene-SBOV1_LOCUS9065
CLNS1A,gene-SBOV1_LOCUS9321
CLOCK,gene-SBOV1_LOCUS9359
CLOCK,gene-SBOV1_LOCUS9405
CLOCK,gene-SBOV1_LOCUS8857
CRB2,gene-SBOV1_LOCUS9317
CRB2,gene-SBOV1_LOCUS9242
CRB2,gene-SBOV1_LOCUS9317
CSNK2A1,gene-SBOV1_LOCUS9408
CSRP2BP,gene-SBOV1_LOCUS9252
CTBP1,gene-SBOV1_LOCUS3704
CTBP1,gene-SBOV1_LOCUS7582
CTBP2,gene-SBOV1_LOCUS3704
CTBP2,gene-SBOV1_LOCUS7582
CTCF,gene-SBOV1_LOCUS9059
CTCF,gene-SBOV1_LOCUS8975
CTCF,gene-SBOV1_LOCUS9059
CTCFL,gene-SBOV1_LOCUS9059
CTCFL,gene-SBOV1_LOCUS9059
CTR9,gene-SBOV1_LOCUS9435
CTR9,gene-SBOV1_LOCUS9435
CUL1,gene-SBOV1_LOCUS7648
CUL1,gene-SBOV1_LOCUS7648
CUL2,gene-SBOV1_LOCUS7648
CUL2,gene-SBOV1_LOCUS7648
CUL3,gene-SBOV1_LOCUS7648
CUL3,gene-SBOV1_LOCUS7648
CUL4A,gene-SBOV1_LOCUS7648
CUL4A,gene-SBOV1_LOCUS7648
CUL4B,gene-SBOV1_LOCUS7648
CUL4B,gene-SBOV1_LOCUS7648
CUL5,gene-SBOV1_LOCUS7648
CUL5,gene-SBOV1_LOCUS7648
CXXC1,gene-SBOV1_LOCUS9335
CXXC1,gene-SBOV1_LOCUS3284
CXXC1,gene-SBOV1_LOCUS5899
DAPK3,gene-SBOV1_LOCUS9408
DDB1,gene-SBOV1_LOCUS7605
DDB1,gene-SBOV1_LOCUS7605
DDB2,gene-SBOV1_LOCUS9373
DDX17,gene-SBOV1_LOCUS9159
DDX17,gene-SBOV1_LOCUS9159
DDX21,gene-SBOV1_LOCUS9159
DDX21,gene-SBOV1_LOCUS8464
DDX21,gene-SBOV1_LOCUS9159
DDX50,gene-SBOV1_LOCUS9159
DDX50,gene-SBOV1_LOCUS8464
DDX50,gene-SBOV1_LOCUS9159
DEK,gene-SBOV1_LOCUS6550
DEK,gene-SBOV1_LOCUS9112
DHX9,gene-SBOV1_LOCUS9159
DHX9,gene-SBOV1_LOCUS6629
DHX9,gene-SBOV1_LOCUS5390
DHX9,gene-SBOV1_LOCUS9159
DHX9,gene-SBOV1_LOCUS5390
DMAP1,gene-SBOV1_LOCUS6333
DNAJC1,gene-SBOV1_LOCUS9364
DNAJC1,gene-SBOV1_LOCUS8626
DNAJC2,gene-SBOV1_LOCUS9364
DNAJC2,gene-SBOV1_LOCUS8626
DND1,gene-SBOV1_LOCUS4601
DND1,gene-SBOV1_LOCUS9447
DNMT3A,gene-SBOV1_LOCUS5165
DNMT3A,gene-SBOV1_LOCUS7143
DNMT3B,gene-SBOV1_LOCUS5165
DNMT3B,gene-SBOV1_LOCUS7143
DNTTIP2,gene-SBOV1_LOCUS8839
DOT1L,gene-SBOV1_LOCUS6397
DPF1,gene-SBOV1_LOCUS9335
DPF1,gene-SBOV1_LOCUS9335
DPF2,gene-SBOV1_LOCUS9335
DPF2,gene-SBOV1_LOCUS9335
DPF3,gene-SBOV1_LOCUS9335
DPF3,gene-SBOV1_LOCUS9335
DPY30,gene-SBOV1_LOCUS9280
DR1,gene-SBOV1_LOCUS9271
DTX3L,gene-SBOV1_LOCUS8852
DZIP3,gene-SBOV1_LOCUS8852
EED,gene-SBOV1_LOCUS9373
EEF1AKMT3,gene-SBOV1_LOCUS8415
EEF1AKMT4,gene-SBOV1_LOCUS9348
EEF1AKNMT,gene-SBOV1_LOCUS9348
EHMT1,gene-SBOV1_LOCUS9420
EHMT1,gene-SBOV1_LOCUS9420
EHMT1,gene-SBOV1_LOCUS5936
EHMT1,gene-SBOV1_LOCUS9446
EHMT2,gene-SBOV1_LOCUS9420
EHMT2,gene-SBOV1_LOCUS5936
EHMT2,gene-SBOV1_LOCUS9446
EIF4A3,gene-SBOV1_LOCUS9159
EIF4A3,gene-SBOV1_LOCUS9159
ELP2,gene-SBOV1_LOCUS9373
ELP3,gene-SBOV1_LOCUS9252
ELP3,gene-SBOV1_LOCUS8383
ELP4,gene-SBOV1_LOCUS7346
ELP5,gene-SBOV1_LOCUS8413
ELP6,gene-SBOV1_LOCUS5977
ENY2,gene-SBOV1_LOCUS7452
EP400,gene-SBOV1_LOCUS8017
EP400,gene-SBOV1_LOCUS9159
EP400,gene-SBOV1_LOCUS9010
ERBB4,gene-SBOV1_LOCUS8331
ERBB4,gene-SBOV1_LOCUS8331
ERBB4,gene-SBOV1_LOCUS9408
ERBB4,gene-SBOV1_LOCUS8331
ERCC6,gene-SBOV1_LOCUS9159
ERCC6,gene-SBOV1_LOCUS9010
EXOSC4,gene-SBOV1_LOCUS8727
EXOSC4,gene-SBOV1_LOCUS7293
EXOSC5,gene-SBOV1_LOCUS8727
EXOSC5,gene-SBOV1_LOCUS7293
EXOSC6,gene-SBOV1_LOCUS8727
EXOSC7,gene-SBOV1_LOCUS8727
EXOSC7,gene-SBOV1_LOCUS7293
EXOSC8,gene-SBOV1_LOCUS8727
EXOSC8,gene-SBOV1_LOCUS7293
EXOSC9,gene-SBOV1_LOCUS8727
EXOSC9,gene-SBOV1_LOCUS7293
FBL,gene-SBOV1_LOCUS2483
GADD45A,gene-SBOV1_LOCUS7877
GADD45B,gene-SBOV1_LOCUS7877
GADD45G,gene-SBOV1_LOCUS7877
GATAD1,gene-SBOV1_LOCUS8269
GATAD2B,gene-SBOV1_LOCUS8269
GFI1B,gene-SBOV1_LOCUS9059
GFI1B,gene-SBOV1_LOCUS9059
GSG2,gene-SBOV1_LOCUS9408
GSG2,gene-SBOV1_LOCUS9408
GTF3C4,gene-SBOV1_LOCUS4936
GTF3C4,gene-SBOV1_LOCUS4936
HAT1,gene-SBOV1_LOCUS1602
HCFC1,gene-SBOV1_LOCUS9080
HCFC1,gene-SBOV1_LOCUS9080
HCFC2,gene-SBOV1_LOCUS9080
HCFC2,gene-SBOV1_LOCUS9080
HCFC2,gene-SBOV1_LOCUS9080
HDAC1,gene-SBOV1_LOCUS5882
HDAC10,gene-SBOV1_LOCUS5882
HDAC11,gene-SBOV1_LOCUS5882
HDAC2,gene-SBOV1_LOCUS5882
HDAC3,gene-SBOV1_LOCUS5882
HDAC6,gene-SBOV1_LOCUS5882
HDAC6,gene-SBOV1_LOCUS8427
HDAC7,gene-SBOV1_LOCUS5882
HDAC8,gene-SBOV1_LOCUS5882
HDGF,gene-SBOV1_LOCUS7143
HDGFL2,gene-SBOV1_LOCUS7143
HDGFL2,gene-SBOV1_LOCUS7143
HELLS,gene-SBOV1_LOCUS9159
HELLS,gene-SBOV1_LOCUS9010
HIF1AN,gene-SBOV1_LOCUS9385
HINFP,gene-SBOV1_LOCUS9059
HINFP,gene-SBOV1_LOCUS8975
HINFP,gene-SBOV1_LOCUS9059
HIRA,gene-SBOV1_LOCUS5633
HIRA,gene-SBOV1_LOCUS5633
HIRA,gene-SBOV1_LOCUS9373
HMG20A,gene-SBOV1_LOCUS9451
HMG20B,gene-SBOV1_LOCUS9451
HMGB1,gene-SBOV1_LOCUS9451
HMGB1,gene-SBOV1_LOCUS9451
HNRNPU,gene-SBOV1_LOCUS9112
HNRNPU,gene-SBOV1_LOCUS9159
HNRPL,gene-SBOV1_LOCUS9447
HNRPL,gene-SBOV1_LOCUS7845
HR,gene-SBOV1_LOCUS8663
HSPA1A,gene-SBOV1_LOCUS3917
HSPA1A,gene-SBOV1_LOCUS3917
HSPA1B,gene-SBOV1_LOCUS3917
HSPA1B,gene-SBOV1_LOCUS3917
IKBKAP,gene-SBOV1_LOCUS5448
IKZF1,gene-SBOV1_LOCUS9059
ING1,gene-SBOV1_LOCUS4326
ING1,gene-SBOV1_LOCUS9335
ING2,gene-SBOV1_LOCUS4326
ING2,gene-SBOV1_LOCUS9335
ING3,gene-SBOV1_LOCUS4326
ING3,gene-SBOV1_LOCUS9335
ING4,gene-SBOV1_LOCUS4326
ING4,gene-SBOV1_LOCUS9335
ING5,gene-SBOV1_LOCUS4326
ING5,gene-SBOV1_LOCUS9335
INO80,gene-SBOV1_LOCUS4226
INO80,gene-SBOV1_LOCUS9159
INO80,gene-SBOV1_LOCUS9010
INO80C,gene-SBOV1_LOCUS8645
INO80D,gene-SBOV1_LOCUS3867
JADE1,gene-SBOV1_LOCUS3740
JADE1,gene-SBOV1_LOCUS8663
JADE1,gene-SBOV1_LOCUS8663
JADE2,gene-SBOV1_LOCUS3740
JADE2,gene-SBOV1_LOCUS8663
JADE2,gene-SBOV1_LOCUS8663
JADE3,gene-SBOV1_LOCUS3740
JADE3,gene-SBOV1_LOCUS9335
JADE3,gene-SBOV1_LOCUS8663
JAK2,gene-SBOV1_LOCUS9408
JAK2,gene-SBOV1_LOCUS8943
JARID2,gene-SBOV1_LOCUS9118
JARID2,gene-SBOV1_LOCUS8663
JARID2,gene-SBOV1_LOCUS8663
JARID2,gene-SBOV1_LOCUS4062
JDP2,gene-SBOV1_LOCUS9108
JMJD1C,gene-SBOV1_LOCUS8663
JMJD6,gene-SBOV1_LOCUS8663
KANSL1,gene-SBOV1_LOCUS7064
KANSL2,gene-SBOV1_LOCUS3867
KANSL3,gene-SBOV1_LOCUS8340
KAT2A,gene-SBOV1_LOCUS9252
KAT2A,gene-SBOV1_LOCUS8013
KAT2A,gene-SBOV1_LOCUS5331
KAT2B,gene-SBOV1_LOCUS9252
KAT2B,gene-SBOV1_LOCUS8013
KAT2B,gene-SBOV1_LOCUS5331
KAT5,gene-SBOV1_LOCUS7608
KAT5,gene-SBOV1_LOCUS9118
KAT6A,gene-SBOV1_LOCUS7608
KAT6A,gene-SBOV1_LOCUS9335
KAT7,gene-SBOV1_LOCUS7608
KAT7,gene-SBOV1_LOCUS8856
KAT8,gene-SBOV1_LOCUS7608
KAT8,gene-SBOV1_LOCUS9118
KDM1A,gene-SBOV1_LOCUS9366
KDM1A,gene-SBOV1_LOCUS5788
KDM1B,gene-SBOV1_LOCUS9366
KDM1B,gene-SBOV1_LOCUS7544
KDM2A,gene-SBOV1_LOCUS9452
KDM2A,gene-SBOV1_LOCUS8663
KDM2A,gene-SBOV1_LOCUS3284
KDM2B,gene-SBOV1_LOCUS9385
KDM2B,gene-SBOV1_LOCUS9452
KDM2B,gene-SBOV1_LOCUS3284
KDM3A,gene-SBOV1_LOCUS8663
KDM3B,gene-SBOV1_LOCUS8663
KDM4A,gene-SBOV1_LOCUS8663
KDM4A,gene-SBOV1_LOCUS8663
KDM4A,gene-SBOV1_LOCUS8663
KDM4A,gene-SBOV1_LOCUS8663
KDM4B,gene-SBOV1_LOCUS8663
KDM4B,gene-SBOV1_LOCUS8663
KDM4B,gene-SBOV1_LOCUS8663
KDM4B,gene-SBOV1_LOCUS8663
KDM4C,gene-SBOV1_LOCUS8663
KDM4C,gene-SBOV1_LOCUS8663
KDM4C,gene-SBOV1_LOCUS8663
KDM4C,gene-SBOV1_LOCUS8663
KDM4D,gene-SBOV1_LOCUS8663
KDM4D,gene-SBOV1_LOCUS8663
KDM4E,gene-SBOV1_LOCUS8663
KDM4E,gene-SBOV1_LOCUS8663
KDM5A,gene-SBOV1_LOCUS9118
KDM5A,gene-SBOV1_LOCUS8663
KDM5A,gene-SBOV1_LOCUS8663
KDM5A,gene-SBOV1_LOCUS9335
KDM5A,gene-SBOV1_LOCUS4062
KDM5A,gene-SBOV1_LOCUS4062
KDM5B,gene-SBOV1_LOCUS9118
KDM5B,gene-SBOV1_LOCUS8663
KDM5B,gene-SBOV1_LOCUS8663
KDM5B,gene-SBOV1_LOCUS9335
KDM5B,gene-SBOV1_LOCUS4062
KDM5B,gene-SBOV1_LOCUS4062
KDM5C,gene-SBOV1_LOCUS9118
KDM5C,gene-SBOV1_LOCUS8663
KDM5C,gene-SBOV1_LOCUS8663
KDM5C,gene-SBOV1_LOCUS9335
KDM5C,gene-SBOV1_LOCUS4062
KDM5C,gene-SBOV1_LOCUS4062
KDM5D,gene-SBOV1_LOCUS9118
KDM5D,gene-SBOV1_LOCUS8663
KDM5D,gene-SBOV1_LOCUS8663
KDM5D,gene-SBOV1_LOCUS9335
KDM5D,gene-SBOV1_LOCUS4062
KDM5D,gene-SBOV1_LOCUS4062
KDM6A,gene-SBOV1_LOCUS8663
KDM6A,gene-SBOV1_LOCUS9435
KDM6A,gene-SBOV1_LOCUS9435
KDM6A,gene-SBOV1_LOCUS9435
KDM6B,gene-SBOV1_LOCUS8663
KDM7A,gene-SBOV1_LOCUS9335
KDM7A,gene-SBOV1_LOCUS8663
KDM8,gene-SBOV1_LOCUS9385
KEAP1,gene-SBOV1_LOCUS9315
KEAP1,gene-SBOV1_LOCUS9315
KEAP1,gene-SBOV1_LOCUS9080
KMT2A,gene-SBOV1_LOCUS5330
KMT2A,gene-SBOV1_LOCUS5330
KMT2A,gene-SBOV1_LOCUS9335
KMT2A,gene-SBOV1_LOCUS9446
KMT2A,gene-SBOV1_LOCUS3284
KMT2A,gene-SBOV1_LOCUS8663
KMT2B,gene-SBOV1_LOCUS5330
KMT2B,gene-SBOV1_LOCUS5330
KMT2B,gene-SBOV1_LOCUS9335
KMT2B,gene-SBOV1_LOCUS9446
KMT2B,gene-SBOV1_LOCUS3284
KMT2B,gene-SBOV1_LOCUS8663
KMT2C,gene-SBOV1_LOCUS5330
KMT2C,gene-SBOV1_LOCUS5330
KMT2C,gene-SBOV1_LOCUS9335
KMT2C,gene-SBOV1_LOCUS9446
KMT2C,gene-SBOV1_LOCUS8663
KMT2D,gene-SBOV1_LOCUS5330
KMT2D,gene-SBOV1_LOCUS5330
KMT2D,gene-SBOV1_LOCUS9335
KMT2D,gene-SBOV1_LOCUS9446
KMT2D,gene-SBOV1_LOCUS8663
KMT2E,gene-SBOV1_LOCUS9335
KMT2E,gene-SBOV1_LOCUS9446
L3MBTL1,gene-SBOV1_LOCUS8258
L3MBTL1,gene-SBOV1_LOCUS9261
L3MBTL1,gene-SBOV1_LOCUS8856
L3MBTL2,gene-SBOV1_LOCUS8258
L3MBTL3,gene-SBOV1_LOCUS8258
L3MBTL3,gene-SBOV1_LOCUS9261
L3MBTL4,gene-SBOV1_LOCUS8258
L3MBTL4,gene-SBOV1_LOCUS9261
L3MBTL4,gene-SBOV1_LOCUS8856
LEO1,gene-SBOV1_LOCUS502
LRWD1,gene-SBOV1_LOCUS7527
LRWD1,gene-SBOV1_LOCUS9373
MAGOH,gene-SBOV1_LOCUS8188
MAP3K7,gene-SBOV1_LOCUS9408
MAPKAPK3,gene-SBOV1_LOCUS9408
MASTL,gene-SBOV1_LOCUS9408
MAX,gene-SBOV1_LOCUS9359
MAZ,gene-SBOV1_LOCUS9059
MAZ,gene-SBOV1_LOCUS8975
MAZ,gene-SBOV1_LOCUS9059
MBD1,gene-SBOV1_LOCUS5213
MBD1,gene-SBOV1_LOCUS3284
MBD2,gene-SBOV1_LOCUS5213
MBD2,gene-SBOV1_LOCUS3554
MBD3,gene-SBOV1_LOCUS5213
MBD3,gene-SBOV1_LOCUS3554
MBD4,gene-SBOV1_LOCUS4562
MBD4,gene-SBOV1_LOCUS5213
MBNL1,gene-SBOV1_LOCUS8984
MBNL3,gene-SBOV1_LOCUS8984
MBTD1,gene-SBOV1_LOCUS8258
MCRS1,gene-SBOV1_LOCUS9162
MCRS1,gene-SBOV1_LOCUS3576
MDC1,gene-SBOV1_LOCUS9162
MEAF6,gene-SBOV1_LOCUS4437
MECP2,gene-SBOV1_LOCUS5213
MEN1,gene-SBOV1_LOCUS9300
METTL11B,gene-SBOV1_LOCUS240
METTL14,gene-SBOV1_LOCUS6361
METTL16,gene-SBOV1_LOCUS3987
METTL21A,gene-SBOV1_LOCUS8415
METTL3,gene-SBOV1_LOCUS6361
METTL4,gene-SBOV1_LOCUS6361
MGA,gene-SBOV1_LOCUS9359
MGA,gene-SBOV1_LOCUS6817
MGEA5,gene-SBOV1_LOCUS963
MINA,gene-SBOV1_LOCUS9385
MIS18A,gene-SBOV1_LOCUS9376
MLLT1,gene-SBOV1_LOCUS8588
MLLT10,gene-SBOV1_LOCUS8663
MLLT10,gene-SBOV1_LOCUS8663
MLLT6,gene-SBOV1_LOCUS8663
MORF4L1,gene-SBOV1_LOCUS1620
MORF4L1,gene-SBOV1_LOCUS9118
MORF4L2,gene-SBOV1_LOCUS1620
MPHOSPH8,gene-SBOV1_LOCUS9420
MPHOSPH8,gene-SBOV1_LOCUS9010
MPND,gene-SBOV1_LOCUS8685
MPND,gene-SBOV1_LOCUS883
MRGBP,gene-SBOV1_LOCUS7315
MSH6,gene-SBOV1_LOCUS7539
MSH6,gene-SBOV1_LOCUS7539
MSH6,gene-SBOV1_LOCUS8700
MSH6,gene-SBOV1_LOCUS8700
MSH6,gene-SBOV1_LOCUS8700
MSH6,gene-SBOV1_LOCUS7143
MSL1,gene-SBOV1_LOCUS7064
MSL3,gene-SBOV1_LOCUS1620
MSL3,gene-SBOV1_LOCUS9118
MTA1,gene-SBOV1_LOCUS7176
MTA1,gene-SBOV1_LOCUS7745
MTA1,gene-SBOV1_LOCUS8269
MTA2,gene-SBOV1_LOCUS7176
MTA2,gene-SBOV1_LOCUS7745
MTA2,gene-SBOV1_LOCUS8269
MTA3,gene-SBOV1_LOCUS7176
MTA3,gene-SBOV1_LOCUS7745
MTA3,gene-SBOV1_LOCUS8269
MYBBP1A,gene-SBOV1_LOCUS1400
MYSM1,gene-SBOV1_LOCUS8685
MYSM1,gene-SBOV1_LOCUS8626
MYSM1,gene-SBOV1_LOCUS5788
NAA60,gene-SBOV1_LOCUS9252
NAP1L1,gene-SBOV1_LOCUS9239
NAP1L2,gene-SBOV1_LOCUS9239
NAP1L4,gene-SBOV1_LOCUS9239
NASP,gene-SBOV1_LOCUS8589
NASP,gene-SBOV1_LOCUS9435
NAT10,gene-SBOV1_LOCUS874
NAT10,gene-SBOV1_LOCUS874
NAT10,gene-SBOV1_LOCUS2849
NAT10,gene-SBOV1_LOCUS874
NAT10,gene-SBOV1_LOCUS874
NAT10,gene-SBOV1_LOCUS874
NAT10,gene-SBOV1_LOCUS2849
NAT10,gene-SBOV1_LOCUS874
NCL,gene-SBOV1_LOCUS9447
NCOR1,gene-SBOV1_LOCUS8626
NCOR2,gene-SBOV1_LOCUS8626
NEK6,gene-SBOV1_LOCUS9408
NEK9,gene-SBOV1_LOCUS9408
NEK9,gene-SBOV1_LOCUS8765
NFYB,gene-SBOV1_LOCUS9271
NFYC,gene-SBOV1_LOCUS9271
NIPBL,gene-SBOV1_LOCUS8435
NIPBL,gene-SBOV1_LOCUS8435
NOC2L,gene-SBOV1_LOCUS85
NPAS2,gene-SBOV1_LOCUS9359
NPAS2,gene-SBOV1_LOCUS9405
NPAS2,gene-SBOV1_LOCUS8857
NPM2,gene-SBOV1_LOCUS9317
NSD1,gene-SBOV1_LOCUS9335
NSD1,gene-SBOV1_LOCUS7143
NSD1,gene-SBOV1_LOCUS9446
NSRP1,gene-SBOV1_LOCUS3453
NSUN2,gene-SBOV1_LOCUS7461
NSUN6,gene-SBOV1_LOCUS7461
NTMT1,gene-SBOV1_LOCUS240
NUP98,gene-SBOV1_LOCUS4083
NUP98,gene-SBOV1_LOCUS4083
OGT,gene-SBOV1_LOCUS2650
OGT,gene-SBOV1_LOCUS9435
OGT,gene-SBOV1_LOCUS9435
OGT,gene-SBOV1_LOCUS9435
OIP5,gene-SBOV1_LOCUS9376
PAF1,gene-SBOV1_LOCUS8711
PAGR1,gene-SBOV1_LOCUS4316
PAK2,gene-SBOV1_LOCUS9360
PAK2,gene-SBOV1_LOCUS9408
PARG,gene-SBOV1_LOCUS7956
PARP1,gene-SBOV1_LOCUS7753
PARP1,gene-SBOV1_LOCUS6065
PARP1,gene-SBOV1_LOCUS7428
PARP1,gene-SBOV1_LOCUS7428
PARP1,gene-SBOV1_LOCUS7428
PARP1,gene-SBOV1_LOCUS6065
PARP2,gene-SBOV1_LOCUS7428
PARP2,gene-SBOV1_LOCUS7428
PARP2,gene-SBOV1_LOCUS7428
PARP3,gene-SBOV1_LOCUS7428
PARP3,gene-SBOV1_LOCUS7428
PARP3,gene-SBOV1_LOCUS7428
PAXIP1,gene-SBOV1_LOCUS7753
PAXIP1,gene-SBOV1_LOCUS9181
PBK,gene-SBOV1_LOCUS9408
PBRM1,gene-SBOV1_LOCUS7176
PBRM1,gene-SBOV1_LOCUS8013
PBRM1,gene-SBOV1_LOCUS9451
PCGF1,gene-SBOV1_LOCUS9154
PCGF2,gene-SBOV1_LOCUS9154
PCGF3,gene-SBOV1_LOCUS9154
PCGF5,gene-SBOV1_LOCUS9154
PCGF6,gene-SBOV1_LOCUS9154
PCNA,gene-SBOV1_LOCUS6448
PCNA,gene-SBOV1_LOCUS6448
PDP1,gene-SBOV1_LOCUS8307
PHC2,gene-SBOV1_LOCUS9261
PHC3,gene-SBOV1_LOCUS9261
PHF10,gene-SBOV1_LOCUS9335
PHF12,gene-SBOV1_LOCUS9335
PHF13,gene-SBOV1_LOCUS9335
PHF14,gene-SBOV1_LOCUS9335
PHF14,gene-SBOV1_LOCUS8663
PHF2,gene-SBOV1_LOCUS8663
PHF2,gene-SBOV1_LOCUS9335
PHF8,gene-SBOV1_LOCUS8663
PHF8,gene-SBOV1_LOCUS9335
PHIP,gene-SBOV1_LOCUS8013
PHIP,gene-SBOV1_LOCUS9373
PIWIL4,gene-SBOV1_LOCUS7032
PIWIL4,gene-SBOV1_LOCUS7032
PKM,gene-SBOV1_LOCUS4188
PKM,gene-SBOV1_LOCUS4188
PKN1,gene-SBOV1_LOCUS3293
PKN1,gene-SBOV1_LOCUS9408
PKN1,gene-SBOV1_LOCUS9065
POGZ,gene-SBOV1_LOCUS3691
POGZ,gene-SBOV1_LOCUS3691
POLE3,gene-SBOV1_LOCUS9271
PPARGC1A,gene-SBOV1_LOCUS9447
PPM1G,gene-SBOV1_LOCUS8307
PPP2CA,gene-SBOV1_LOCUS7708
PPP4C,gene-SBOV1_LOCUS7708
PPP4R2,gene-SBOV1_LOCUS1446
PRDM1,gene-SBOV1_LOCUS9446
PRDM1,gene-SBOV1_LOCUS9059
PRDM12,gene-SBOV1_LOCUS9059
PRDM13,gene-SBOV1_LOCUS9059
PRDM13,gene-SBOV1_LOCUS9059
PRDM14,gene-SBOV1_LOCUS9446
PRDM14,gene-SBOV1_LOCUS9059
PRDM14,gene-SBOV1_LOCUS8975
PRDM14,gene-SBOV1_LOCUS9059
PRDM16,gene-SBOV1_LOCUS9059
PRDM16,gene-SBOV1_LOCUS8816
PRDM16,gene-SBOV1_LOCUS9059
PRDM2,gene-SBOV1_LOCUS9446
PRDM2,gene-SBOV1_LOCUS9059
PRDM2,gene-SBOV1_LOCUS8975
PRDM4,gene-SBOV1_LOCUS9059
PRDM4,gene-SBOV1_LOCUS9059
PRDM5,gene-SBOV1_LOCUS9059
PRDM5,gene-SBOV1_LOCUS8975
PRDM5,gene-SBOV1_LOCUS8257
PRDM5,gene-SBOV1_LOCUS9059
PRDM5,gene-SBOV1_LOCUS8864
PRDM6,gene-SBOV1_LOCUS9446
PRDM6,gene-SBOV1_LOCUS9059
PRDM6,gene-SBOV1_LOCUS8975
PRDM6,gene-SBOV1_LOCUS9059
PRDM8,gene-SBOV1_LOCUS9059
PRKAA1,gene-SBOV1_LOCUS9408
PRKAA2,gene-SBOV1_LOCUS9408
PRKAB1,gene-SBOV1_LOCUS9106
PRKAB2,gene-SBOV1_LOCUS9106
PRKAG1,gene-SBOV1_LOCUS8585
PRKAG2,gene-SBOV1_LOCUS8585
PRKAG3,gene-SBOV1_LOCUS8585
PRKCA,gene-SBOV1_LOCUS9111
PRKCA,gene-SBOV1_LOCUS9439
PRKCA,gene-SBOV1_LOCUS9408
PRKCA,gene-SBOV1_LOCUS9065
PRKCB,gene-SBOV1_LOCUS9111
PRKCB,gene-SBOV1_LOCUS9439
PRKCB,gene-SBOV1_LOCUS9408
PRKCB,gene-SBOV1_LOCUS9065
PRKCD,gene-SBOV1_LOCUS9111
PRKCD,gene-SBOV1_LOCUS9408
PRKCD,gene-SBOV1_LOCUS9065
PRMT1,gene-SBOV1_LOCUS9236
PRMT2,gene-SBOV1_LOCUS9348
PRMT2,gene-SBOV1_LOCUS8895
PRMT5,gene-SBOV1_LOCUS9348
PRMT7,gene-SBOV1_LOCUS9348
PRMT8,gene-SBOV1_LOCUS9348
PRMT9,gene-SBOV1_LOCUS9348
PRMT9,gene-SBOV1_LOCUS9435
PSIP1,gene-SBOV1_LOCUS7143
PSIP1,gene-SBOV1_LOCUS7143
PTBP1,gene-SBOV1_LOCUS9447
PTBP1,gene-SBOV1_LOCUS7845
PTBP1,gene-SBOV1_LOCUS9447
PTBP1,gene-SBOV1_LOCUS7845
PUF60,gene-SBOV1_LOCUS9447
RAD51,gene-SBOV1_LOCUS8031
RAD51,gene-SBOV1_LOCUS5277
RAD54B,gene-SBOV1_LOCUS9159
RAD54B,gene-SBOV1_LOCUS9010
RAD54L,gene-SBOV1_LOCUS9159
RAD54L,gene-SBOV1_LOCUS8812
RAD54L,gene-SBOV1_LOCUS9010
RAD54L2,gene-SBOV1_LOCUS9159
RAD54L2,gene-SBOV1_LOCUS9010
RAI1,gene-SBOV1_LOCUS8663
RARA,gene-SBOV1_LOCUS9304
RARA,gene-SBOV1_LOCUS9304
RBBP4,gene-SBOV1_LOCUS7800
RBBP4,gene-SBOV1_LOCUS9373
RBBP5,gene-SBOV1_LOCUS9373
RBBP7,gene-SBOV1_LOCUS7800
RBBP7,gene-SBOV1_LOCUS9373
RBM11,gene-SBOV1_LOCUS9447
RBM15,gene-SBOV1_LOCUS9447
RBM15,gene-SBOV1_LOCUS4991
RBM15B,gene-SBOV1_LOCUS9447
RBM15B,gene-SBOV1_LOCUS4991
RBM17,gene-SBOV1_LOCUS8305
RBM17,gene-SBOV1_LOCUS9447
RBM24,gene-SBOV1_LOCUS9447
RBM25,gene-SBOV1_LOCUS6857
RBM25,gene-SBOV1_LOCUS9447
RBM4,gene-SBOV1_LOCUS9447
RBM4,gene-SBOV1_LOCUS9176
RBM5,gene-SBOV1_LOCUS8305
RBM5,gene-SBOV1_LOCUS6418
RBM5,gene-SBOV1_LOCUS9447
RBM5,gene-SBOV1_LOCUS8222
RBM7,gene-SBOV1_LOCUS9447
RBM8A,gene-SBOV1_LOCUS9447
RBX1,gene-SBOV1_LOCUS7998
RCC1,gene-SBOV1_LOCUS8765
RCOR1,gene-SBOV1_LOCUS7745
RCOR1,gene-SBOV1_LOCUS8626
RCOR3,gene-SBOV1_LOCUS7745
RCOR3,gene-SBOV1_LOCUS8626
REST,gene-SBOV1_LOCUS8975
REST,gene-SBOV1_LOCUS9059
RING1,gene-SBOV1_LOCUS9154
RLIM,gene-SBOV1_LOCUS8852
RMI1,gene-SBOV1_LOCUS4554
RNF168,gene-SBOV1_LOCUS8996
RNF2,gene-SBOV1_LOCUS9154
RNF20,gene-SBOV1_LOCUS9154
RNF40,gene-SBOV1_LOCUS9154
RNF8,gene-SBOV1_LOCUS9162
RNF8,gene-SBOV1_LOCUS8852
RNPS1,gene-SBOV1_LOCUS9447
RPS6KA3,gene-SBOV1_LOCUS9408
RPS6KA3,gene-SBOV1_LOCUS9065
RPS6KA4,gene-SBOV1_LOCUS9408
RPS6KA4,gene-SBOV1_LOCUS9065
RPS6KA5,gene-SBOV1_LOCUS9408
RPS6KA5,gene-SBOV1_LOCUS9065
RPUSD3,gene-SBOV1_LOCUS4268
RRP8,gene-SBOV1_LOCUS4261
RUVBL1,gene-SBOV1_LOCUS8669
RUVBL2,gene-SBOV1_LOCUS8669
RYBP,gene-SBOV1_LOCUS8222
SAP18,gene-SBOV1_LOCUS5918
SATB1,gene-SBOV1_LOCUS3983
SATB1,gene-SBOV1_LOCUS9324
SATB2,gene-SBOV1_LOCUS3983
SATB2,gene-SBOV1_LOCUS9324
SCMH1,gene-SBOV1_LOCUS3684
SCMH1,gene-SBOV1_LOCUS8258
SCMH1,gene-SBOV1_LOCUS9261
SCML2,gene-SBOV1_LOCUS3684
SCML2,gene-SBOV1_LOCUS8258
SCML2,gene-SBOV1_LOCUS9261
SCML4,gene-SBOV1_LOCUS3684
SCML4,gene-SBOV1_LOCUS9261
SENP1,gene-SBOV1_LOCUS8247
SENP3,gene-SBOV1_LOCUS8247
SET,gene-SBOV1_LOCUS9239
SETD1A,gene-SBOV1_LOCUS1350
SETD1A,gene-SBOV1_LOCUS9447
SETD1A,gene-SBOV1_LOCUS9446
SETD1B,gene-SBOV1_LOCUS1350
SETD1B,gene-SBOV1_LOCUS9447
SETD1B,gene-SBOV1_LOCUS9446
SETD2,gene-SBOV1_LOCUS9446
SETD2,gene-SBOV1_LOCUS8325
SETD2,gene-SBOV1_LOCUS9358
SETD3,gene-SBOV1_LOCUS3037
SETD3,gene-SBOV1_LOCUS9446
SETD5,gene-SBOV1_LOCUS9446
SETD6,gene-SBOV1_LOCUS3037
SETD6,gene-SBOV1_LOCUS9446
SETD7,gene-SBOV1_LOCUS9081
SETD7,gene-SBOV1_LOCUS9446
SETD8,gene-SBOV1_LOCUS9446
SETDB1,gene-SBOV1_LOCUS5213
SETDB1,gene-SBOV1_LOCUS5936
SETDB1,gene-SBOV1_LOCUS9446
SETDB2,gene-SBOV1_LOCUS5213
SETDB2,gene-SBOV1_LOCUS5936
SETDB2,gene-SBOV1_LOCUS9446
SF3B1,gene-SBOV1_LOCUS3030
SF3B3,gene-SBOV1_LOCUS7605
SF3B3,gene-SBOV1_LOCUS7605
SFMBT1,gene-SBOV1_LOCUS3684
SFMBT1,gene-SBOV1_LOCUS8258
SFMBT1,gene-SBOV1_LOCUS9261
SFMBT2,gene-SBOV1_LOCUS3684
SFMBT2,gene-SBOV1_LOCUS8258
SFMBT2,gene-SBOV1_LOCUS9261
SFSWAP,gene-SBOV1_LOCUS4967
SFSWAP,gene-SBOV1_LOCUS7529
SIN3A,gene-SBOV1_LOCUS2574
SIN3A,gene-SBOV1_LOCUS2574
SIN3B,gene-SBOV1_LOCUS2574
SIN3B,gene-SBOV1_LOCUS2574
SIRT1,gene-SBOV1_LOCUS9027
SIRT2,gene-SBOV1_LOCUS9027
SIRT6,gene-SBOV1_LOCUS9027
SIRT7,gene-SBOV1_LOCUS9027
SKP1,gene-SBOV1_LOCUS3658
SKP1,gene-SBOV1_LOCUS6796
SLU7,gene-SBOV1_LOCUS977
SMARCA1,gene-SBOV1_LOCUS4226
SMARCA1,gene-SBOV1_LOCUS5048
SMARCA1,gene-SBOV1_LOCUS9159
SMARCA1,gene-SBOV1_LOCUS5048
SMARCA1,gene-SBOV1_LOCUS9010
SMARCA2,gene-SBOV1_LOCUS9447
SMARCA2,gene-SBOV1_LOCUS8013
SMARCA2,gene-SBOV1_LOCUS8017
SMARCA2,gene-SBOV1_LOCUS9159
SMARCA2,gene-SBOV1_LOCUS8017
SMARCA2,gene-SBOV1_LOCUS9010
SMARCA2,gene-SBOV1_LOCUS8013
SMARCA4,gene-SBOV1_LOCUS9447
SMARCA4,gene-SBOV1_LOCUS8013
SMARCA4,gene-SBOV1_LOCUS8017
SMARCA4,gene-SBOV1_LOCUS9159
SMARCA4,gene-SBOV1_LOCUS8017
SMARCA4,gene-SBOV1_LOCUS9010
SMARCA4,gene-SBOV1_LOCUS8013
SMARCA5,gene-SBOV1_LOCUS4226
SMARCA5,gene-SBOV1_LOCUS5048
SMARCA5,gene-SBOV1_LOCUS9159
SMARCA5,gene-SBOV1_LOCUS5048
SMARCA5,gene-SBOV1_LOCUS9010
SMARCAD1,gene-SBOV1_LOCUS9159
SMARCAD1,gene-SBOV1_LOCUS9010
SMARCAL1,gene-SBOV1_LOCUS2429
SMARCAL1,gene-SBOV1_LOCUS9159
SMARCAL1,gene-SBOV1_LOCUS9010
SMARCB1,gene-SBOV1_LOCUS5794
SMARCC1,gene-SBOV1_LOCUS8626
SMARCC1,gene-SBOV1_LOCUS5788
SMARCC2,gene-SBOV1_LOCUS8626
SMARCC2,gene-SBOV1_LOCUS5788
SMARCD1,gene-SBOV1_LOCUS7731
SMARCD2,gene-SBOV1_LOCUS7731
SMARCD3,gene-SBOV1_LOCUS7731
SMARCE1,gene-SBOV1_LOCUS9451
SMEK1,gene-SBOV1_LOCUS461
SMEK2,gene-SBOV1_LOCUS461
SMYD1,gene-SBOV1_LOCUS9446
SMYD1,gene-SBOV1_LOCUS8514
SMYD2,gene-SBOV1_LOCUS9446
SMYD2,gene-SBOV1_LOCUS8514
SMYD3,gene-SBOV1_LOCUS9446
SMYD3,gene-SBOV1_LOCUS8514
SMYD4,gene-SBOV1_LOCUS9446
SMYD4,gene-SBOV1_LOCUS9435
SMYD4,gene-SBOV1_LOCUS8514
SNAI2,gene-SBOV1_LOCUS9059
SNAI2,gene-SBOV1_LOCUS8816
SNAI2,gene-SBOV1_LOCUS9059
SP1,gene-SBOV1_LOCUS9059
SP1,gene-SBOV1_LOCUS9059
SPEN,gene-SBOV1_LOCUS9447
SPEN,gene-SBOV1_LOCUS8979
SPEN,gene-SBOV1_LOCUS4991
SPOP,gene-SBOV1_LOCUS9315
SPOP,gene-SBOV1_LOCUS8404
SRCAP,gene-SBOV1_LOCUS8017
SRCAP,gene-SBOV1_LOCUS9159
SRCAP,gene-SBOV1_LOCUS9010
SRSF1,gene-SBOV1_LOCUS9447
SRSF10,gene-SBOV1_LOCUS9447
SRSF12,gene-SBOV1_LOCUS9447
SRSF3,gene-SBOV1_LOCUS9447
SRSF6,gene-SBOV1_LOCUS9447
SS18L1,gene-SBOV1_LOCUS7978
SS18L2,gene-SBOV1_LOCUS7978
SSRP1,gene-SBOV1_LOCUS9451
SSRP1,gene-SBOV1_LOCUS6195
SSRP1,gene-SBOV1_LOCUS4775
STK4,gene-SBOV1_LOCUS9384
STK4,gene-SBOV1_LOCUS9408
SUDS3,gene-SBOV1_LOCUS3521
SUPT16H,gene-SBOV1_LOCUS6195
SUPT16H,gene-SBOV1_LOCUS7792
SUPT16H,gene-SBOV1_LOCUS6195
SUPT16H,gene-SBOV1_LOCUS6195
SUPT3H,gene-SBOV1_LOCUS8285
SUPT7L,gene-SBOV1_LOCUS9082
SUV39H1,gene-SBOV1_LOCUS9010
SUV39H1,gene-SBOV1_LOCUS5936
SUV39H1,gene-SBOV1_LOCUS9446
SUV39H2,gene-SBOV1_LOCUS9010
SUV39H2,gene-SBOV1_LOCUS5936
SUV39H2,gene-SBOV1_LOCUS9446
SUV420H1,gene-SBOV1_LOCUS9446
SUV420H2,gene-SBOV1_LOCUS9446
SUZ12,gene-SBOV1_LOCUS3544
SYNCRIP,gene-SBOV1_LOCUS9447
TADA2A,gene-SBOV1_LOCUS8626
TADA2A,gene-SBOV1_LOCUS5788
TADA2B,gene-SBOV1_LOCUS8626
TADA2B,gene-SBOV1_LOCUS8863
TADA3,gene-SBOV1_LOCUS3701
TAF1,gene-SBOV1_LOCUS8013
TAF1,gene-SBOV1_LOCUS3680
TAF1,gene-SBOV1_LOCUS3680
TAF1,gene-SBOV1_LOCUS3680
TAF10,gene-SBOV1_LOCUS9017
TAF12,gene-SBOV1_LOCUS4785
TAF1L,gene-SBOV1_LOCUS8013
TAF1L,gene-SBOV1_LOCUS3680
TAF1L,gene-SBOV1_LOCUS3680
TAF1L,gene-SBOV1_LOCUS3680
TAF3,gene-SBOV1_LOCUS9082
TAF3,gene-SBOV1_LOCUS9335
TAF4,gene-SBOV1_LOCUS9015
TAF4,gene-SBOV1_LOCUS9015
TAF5,gene-SBOV1_LOCUS1527
TAF5,gene-SBOV1_LOCUS9373
TAF5L,gene-SBOV1_LOCUS1527
TAF5L,gene-SBOV1_LOCUS9373
TAF6,gene-SBOV1_LOCUS9241
TAF6,gene-SBOV1_LOCUS9241
TAF6L,gene-SBOV1_LOCUS9241
TAF6L,gene-SBOV1_LOCUS9241
TAF7,gene-SBOV1_LOCUS6142
TAF8,gene-SBOV1_LOCUS9082
TAF8,gene-SBOV1_LOCUS9082
TAF9,gene-SBOV1_LOCUS3141
TAF9B,gene-SBOV1_LOCUS3141
TDG,gene-SBOV1_LOCUS5591
TDRD3,gene-SBOV1_LOCUS8547
TDRD3,gene-SBOV1_LOCUS8704
TDRD7,gene-SBOV1_LOCUS7382
TDRD7,gene-SBOV1_LOCUS8547
TDRKH,gene-SBOV1_LOCUS9285
TDRKH,gene-SBOV1_LOCUS8547
TFDP1,gene-SBOV1_LOCUS9076
TFDP1,gene-SBOV1_LOCUS9076
TLE1,gene-SBOV1_LOCUS4941
TLE1,gene-SBOV1_LOCUS9373
TLE2,gene-SBOV1_LOCUS4941
TLE2,gene-SBOV1_LOCUS9373
TLE4,gene-SBOV1_LOCUS4941
TLE4,gene-SBOV1_LOCUS9373
TLK1,gene-SBOV1_LOCUS9408
TLK2,gene-SBOV1_LOCUS9408
TONSL,gene-SBOV1_LOCUS9420
TONSL,gene-SBOV1_LOCUS9452
TONSL,gene-SBOV1_LOCUS9435
TP53BP1,gene-SBOV1_LOCUS7753
TRA2B,gene-SBOV1_LOCUS9447
TRIM24,gene-SBOV1_LOCUS8013
TRIM24,gene-SBOV1_LOCUS9335
TRIM24,gene-SBOV1_LOCUS8404
TRIM28,gene-SBOV1_LOCUS9335
TRIM28,gene-SBOV1_LOCUS8404
TRIM28,gene-SBOV1_LOCUS9154
TRIM33,gene-SBOV1_LOCUS8013
TRIM33,gene-SBOV1_LOCUS9335
TRIM33,gene-SBOV1_LOCUS8404
TRIM33,gene-SBOV1_LOCUS8852
TRRAP,gene-SBOV1_LOCUS8938
TRRAP,gene-SBOV1_LOCUS8938
TRUB2,gene-SBOV1_LOCUS7796
TSSK6,gene-SBOV1_LOCUS9408
TTK,gene-SBOV1_LOCUS9408
TYW5,gene-SBOV1_LOCUS9385
U2AF2,gene-SBOV1_LOCUS9447
UBE2A,gene-SBOV1_LOCUS8953
UBE2B,gene-SBOV1_LOCUS8953
UBE2D1,gene-SBOV1_LOCUS8953
UBE2D3,gene-SBOV1_LOCUS8953
UBE2E1,gene-SBOV1_LOCUS8953
UBE2H,gene-SBOV1_LOCUS8953
UBE2N,gene-SBOV1_LOCUS8953
UBE2T,gene-SBOV1_LOCUS8953
UBN1,gene-SBOV1_LOCUS4024
UBN1,gene-SBOV1_LOCUS4024
UBR2,gene-SBOV1_LOCUS9456
UBR2,gene-SBOV1_LOCUS9456
UBR5,gene-SBOV1_LOCUS1175
UBR5,gene-SBOV1_LOCUS8267
UBR5,gene-SBOV1_LOCUS8753
UBR5,gene-SBOV1_LOCUS9456
UBR7,gene-SBOV1_LOCUS9456
UCHL5,gene-SBOV1_LOCUS4028
USP12,gene-SBOV1_LOCUS9338
USP16,gene-SBOV1_LOCUS9338
USP16,gene-SBOV1_LOCUS8427
USP17L2,gene-SBOV1_LOCUS6799
USP17L2,gene-SBOV1_LOCUS9338
USP21,gene-SBOV1_LOCUS9338
USP22,gene-SBOV1_LOCUS9338
USP22,gene-SBOV1_LOCUS8427
USP3,gene-SBOV1_LOCUS9338
USP3,gene-SBOV1_LOCUS8427
USP36,gene-SBOV1_LOCUS9338
USP44,gene-SBOV1_LOCUS9338
USP44,gene-SBOV1_LOCUS8427
USP46,gene-SBOV1_LOCUS9338
USP49,gene-SBOV1_LOCUS9338
USP49,gene-SBOV1_LOCUS8427
USP7,gene-SBOV1_LOCUS8404
USP7,gene-SBOV1_LOCUS9338
USP7,gene-SBOV1_LOCUS4866
USP7,gene-SBOV1_LOCUS4866
UTY,gene-SBOV1_LOCUS8663
UTY,gene-SBOV1_LOCUS9435
UTY,gene-SBOV1_LOCUS9435
UTY,gene-SBOV1_LOCUS9435
VIRMA,gene-SBOV1_LOCUS8699
VPS72,gene-SBOV1_LOCUS8645
VPS72,gene-SBOV1_LOCUS8645
VRK1,gene-SBOV1_LOCUS9408
WAC,gene-SBOV1_LOCUS9358
WDR5,gene-SBOV1_LOCUS9373
WDR77,gene-SBOV1_LOCUS9373
WDR82,gene-SBOV1_LOCUS9373
WHSC1,gene-SBOV1_LOCUS9451
WHSC1,gene-SBOV1_LOCUS9335
WHSC1,gene-SBOV1_LOCUS7143
WHSC1,gene-SBOV1_LOCUS9446
WSB2,gene-SBOV1_LOCUS7341
WSB2,gene-SBOV1_LOCUS9373
WTAP,gene-SBOV1_LOCUS6696
YAF2,gene-SBOV1_LOCUS8222
YEATS2,gene-SBOV1_LOCUS8588
YEATS4,gene-SBOV1_LOCUS8588
YTHDC1,gene-SBOV1_LOCUS8883
YWHAB,gene-SBOV1_LOCUS7081
YWHAE,gene-SBOV1_LOCUS7081
YWHAZ,gene-SBOV1_LOCUS7081
ZBTB16,gene-SBOV1_LOCUS9315
ZBTB16,gene-SBOV1_LOCUS9059
ZBTB16,gene-SBOV1_LOCUS8975
ZBTB16,gene-SBOV1_LOCUS8816
ZBTB16,gene-SBOV1_LOCUS9059
ZBTB33,gene-SBOV1_LOCUS9315
ZBTB33,gene-SBOV1_LOCUS9059
ZBTB7A,gene-SBOV1_LOCUS9315
ZBTB7A,gene-SBOV1_LOCUS9059
ZBTB7C,gene-SBOV1_LOCUS9315
ZBTB7C,gene-SBOV1_LOCUS9059
ZC3H13,gene-SBOV1_LOCUS8984
ZCWPW1,gene-SBOV1_LOCUS7143
ZCWPW1,gene-SBOV1_LOCUS7544
ZMYND11,gene-SBOV1_LOCUS8013
ZMYND11,gene-SBOV1_LOCUS7143
ZNF217,gene-SBOV1_LOCUS9059
ZNF217,gene-SBOV1_LOCUS8975
ZNF217,gene-SBOV1_LOCUS9059
ZNF516,gene-SBOV1_LOCUS9059
ZNF516,gene-SBOV1_LOCUS8975
ZNF516,gene-SBOV1_LOCUS9059
ZNF532,gene-SBOV1_LOCUS9059
ZNF541,gene-SBOV1_LOCUS7745
ZNF541,gene-SBOV1_LOCUS9059
ZNF541,gene-SBOV1_LOCUS8975
ZNF592,gene-SBOV1_LOCUS9059
ZNF687,gene-SBOV1_LOCUS9059
ZNF687,gene-SBOV1_LOCUS8975
ZNHIT1,gene-SBOV1_LOCUS6419
ZZZ3,gene-SBOV1_LOCUS8626
ZZZ3,gene-SBOV1_LOCUS8863
